0,"[[408,242],[240,169],[419,53],[425,52],[432,256],[445,423]]",9
0,"[[472.4259948730469,97.22699737548828],[241.28799438476562,75.7750015258789],[427.93499755859375,358.9410095214844],[436.85198974609375,362.4259948730469],[251.77899169921875,359.9309997558594],[472.6789855957031,98.90799713134766]]",8
0,"[[359.58099365234375,380.3869934082031],[381.36700439453125,206.50100708007812],[379.2560119628906,76.57599639892578],[384.468994140625,76.14700317382812],[326.60198974609375,117.27300262451172],[301.51300048828125,132.802001953125]]",1
0,"[[128.01600646972656,67.77799987792969],[314.74798583984375,124.17300415039062],[240.9429931640625,183.375],[240.00999450683594,182.69000244140625],[306.1099853515625,283.47198486328125],[166.27499389648438,339.9729919433594]]",3
0,"[[534.0419921875,201.8800048828125],[582.8369750976562,102.86199951171875],[874.2009887695312,150.21499633789062],[548.5714285714286,194.2052116817245],[766.010009765625,365.4840087890625],[571.22802734375,393.6109924316406]]",5
0,"[[535.35302734375,263.8399963378906],[649.7760009765625,256.3970031738281],[753.1599731445312,260.1390075683594],[482.906005859375,101.61199951171875],[712.0889892578125,108.52200317382812],[564.3090209960938,450.99200439453125]]",7
0,"[[514.8660278320312,92.98799896240234],[481.9630126953125,246.41799926757812],[688.4769897460938,244.4239959716797],[505.91802978515625,90.19000244140625],[728.3599853515625,78.5989990234375],[618.0260009765625,452.239013671875]]",9
0,"[[412.593994140625,371.1780090332031],[460.6189880371094,66.79199981689453],[626.0869750976562,56.76799774169922],[392.34100341796875,386.12701416015625],[685.7142857142857,402.06308373992704],[641.333984375,65.36100006103516]]",0
0,"[[86.88500213623047,406.84698486328125],[274.2857142857143,310.05816650151087],[456.02301025390625,451.010009765625],[508.4739990234375,128.5800018310547],[317.99200439453125,215.6820068359375],[161.6219940185547,136.843994140625]]",2
0,"[[180,184],[245,368],[413,269],[413,268],[336,30],[180,183]]",0
0,"[[111,333],[256,174],[108,154],[110,331],[216,331],[245,330]]",2
0,"[[488,218],[333,214],[348,58],[467,66],[486,217],[481,349]]",4
0,"[[506.072998046875,71.70600128173828],[376.79901123046875,269.6390075683594],[597.9630126953125,275.6919860839844],[513.5880126953125,62.433998107910156],[513.3569946289062,316.2720031738281],[544.9509887695312,431.5320129394531]]",4
0,"[[301.2409973144531,303.7980041503906],[533.7379760742188,319.6189880371094],[365.2760009765625,424.77301025390625],[439.3900146484375,90.4260025024414],[303.5530090332031,293.8190002441406],[370.78900146484375,426.5409851074219]]",6
0,"[[277.6820068359375,430.5360107421875],[378.26300048828125,205.4340057373047],[500.9679870605469,414.97698974609375],[256.6289978027344,108.95999908447266],[375.52099609375,204.9239959716797],[523.6690063476562,93.95099639892578]]",8
0,"[[54.89699935913086,359.9309997558594],[274.2857142857143,61.7213183260227],[450.0870056152344,405.5],[767.22802734375,376.14801025390625],[685.7142857142857,179.3272988223581],[433.45001220703125,383.6319885253906]]",1
0,"[[308.8399963378906,66.3949966430664],[528.5040283203125,65.54499816894531],[411.42857142857144,223.67010482767444],[416.26300048828125,226.13400268554688],[535.843017578125,410.8110046386719],[282.4519958496094,373.65301513671875]]",3
0,"[[573.56201171875,91.73999786376953],[323.0570068359375,101.65599822998047],[342.0169982910156,237.94500732421875],[344.7909851074219,242.67599487304688],[569.8380126953125,295.1319885253906],[368.447998046875,400.76300048828125]]",5
0,"[[227.2689971923828,79.24500274658203],[523.8150024414062,67.54399871826172],[326.9410095214844,402.09100341796875],[322.9490051269531,225.28900146484375],[429.14599609375,233.91099548339844],[531.447021484375,245.12100219726562]]",7
0,"[[517.4619750976562,247.58900451660156],[295.1159973144531,237.4239959716797],[315.4339904785156,80.51200103759766],[376.5660095214844,91.73999786376953],[531.1810302734375,94.08599853515625],[508.4739990234375,397.4570007324219]]",9
0,"[[259.6940002441406,366.4129943847656],[274.2857142857143,155.29283574639487],[411.42857142857144,138.8611600510501],[268.135009765625,364.93701171875],[421.11199951171875,374.48699951171875],[417.7080078125,152.7519989013672]]",0
0,"[[257.614013671875,146.14599609375],[395.43499755859375,63.410003662109375],[488.0199890136719,151.26400756835938],[511.1810302734375,167.7220001220703],[228.18600463867188,358.52899169921875],[463.5950012207031,372.4049987792969]]",2
0,"[[582.0919799804688,266.3760070800781],[257.9079895019531,255.15200805664062],[485.4630126953125,92.58899688720703],[489.12200927734375,106.36399841308594],[489.5710144042969,253.90200805664062],[475.4939880371094,399.8479919433594]]",4
0,"[[495.6940002441406,439.7650146484375],[298.92401123046875,397.4320068359375],[346.2869873046875,91.73999786376953],[536.0809936523438,378.2720031738281],[508.05499267578125,233.94400024414062],[335.39300537109375,232.6959991455078]]",6
0,"[[478.5740051269531,360.6929931640625],[264.29998779296875,74.08799743652344],[411.42857142857144,51.68149126831088],[435.10198974609375,59.572998046875],[256.6289978027344,359.7170104980469],[480.3110046386719,351.23699951171875]]",8
0,"[[365.47900390625,156.51400756835938],[493.1340026855469,58.98200225830078],[509.50897216796875,261.07000732421875],[392.7550048828125,423.54901123046875],[514.8660278320312,421.04400634765625],[637.5969848632812,421.0559997558594]]",1
0,"[[389.7760009765625,66.79199981689453],[574.875,63.086997985839844],[466,275.1080017089844],[371.00799560546875,401.4259948730469],[580.0650024414062,418.5589904785156],[456.05999755859375,250.90499877929688]]",3
0,"[[137.14285714285714,440.41553184520217],[516.6510009765625,428.781005859375],[515.0330200195312,434.8970031738281],[344.8949890136719,437.2699890136719],[331.5790100097656,235.1909942626953],[327.3630065917969,35.606998443603516]]",5
0,"[[245.03500366210938,83.09500122070312],[500.1109924316406,97.01499938964844],[408.7300109863281,441.0690002441406],[325.54901123046875,260.0830078125],[456.05999755859375,263.8210144042969],[574.9509887695312,277.24200439453125]]",7
0,"[[420.2650146484375,89.74400329589844],[353.02801513671875,186.28900146484375],[517.489013671875,265.1289978027344],[424.3580017089844,393.6109924316406],[555.8460083007812,163.9980010986328],[403.6449890136719,92.98799896240234]]",9
0,"[[418.9840087890625,70.53900146484375],[274.2857142857143,174.43358050563668],[411.42857142857144,371.83088238008406],[420.35699462890625,364.8760070800781],[530.1380004882812,194.02699279785156],[412.64300537109375,71.74600219726562]]",0
0,"[[215.72000122070312,184.44400024414062],[326.9410095214844,101.05699920654297],[458.50799560546875,166.531005859375],[525.093994140625,345.8290100097656],[247.5489959716797,358.74798583984375],[453.50299072265625,162.4459991455078]]",2
0,"[[363.0799865722656,87.99800109863281],[274.2857142857143,282.92792681589754],[411.42857142857144,276.3553941432457],[424.1000061035156,405.60198974609375],[413.2699890136719,263.8819885253906],[431.2619934082031,190.5330047607422]]",4
0,"[[422.9930114746094,38.018001556396484],[239.08999633789062,259.5920104980469],[317.04998779296875,398.1409912109375],[270.55499267578125,205.1529998779297],[458.63800048828125,187.7740020751953],[339.35198974609375,391.1159973144531]]",6
0,"[[284.44500732421875,113.24700164794922],[530.4089965820312,411.07501220703125],[312.77801513671875,426.04400634765625],[269.25799560546875,97.97699737548828],[451.843994140625,69.28700256347656],[328.18499755859375,424.81298828125]]",8
0,"[[338.31201171875,363.593994140625],[274.2857142857143,112.81593180110221],[182.32899475097656,181.64199829101562],[262.8389892578125,381.31500244140625],[339.7250061035156,362.37701416015625],[419.9599914550781,349.9519958496094]]",1
0,"[[440.3800048828125,78.18399810791016],[647.239990234375,139.14100646972656],[425.37799072265625,284.0769958496094],[444.3039855957031,475.94000244140625],[644.2440185546875,361.1789855957031],[421.3160095214844,282.75799560546875]]",3
0,"[[341.6940002441406,263.5450134277344],[307.7070007324219,94.12200164794922],[544.4769897460938,30.617000579833984],[371.68499755859375,258.7969970703125],[613.43798828125,315.12298583984375],[389.4129943847656,436.02301025390625]]",5
0,"[[190,155],[353,124],[435,198],[433,195],[252,352],[475,357]]",2
0,"[[307,79],[194,297],[441,288],[350,438],[346,302],[310,85]]",4
0,"[[287,400],[231,241],[336,116],[282,397],[429,260],[230,249]]",6
0,"[[486,90],[217,144],[299,226],[316,242],[447,280],[177,377]]",5
0,"[[266.8559875488281,90.7750015258789],[274.2857142857143,192.40393148584073],[274.43701171875,403.5899963378906],[271.9700012207031,83.26599884033203],[243.6009979248047,151.49600219726562],[212.9290008544922,191.53199768066406]]",1
0,"[[137.14285714285714,107.5362482783997],[348.16900634765625,63.29100036621094],[282.4670104980469,199.54299926757812],[282.2799987792969,205.25399780273438],[335.78399658203125,385.55499267578125],[150.52200317382812,396.1419982910156]]",3
0,"[[401,48],[179,224],[554,233],[399,72],[410,239],[404,436]]",4
0,"[[537.8300170898438,281.25201416015625],[691.5540161132812,381.6300048828125],[485.3110046386719,458.47601318359375],[540.0549926757812,279.343994140625],[547.0809936523438,134.6510009765625],[822.8571428571429,118.2738283378324]]",5
0,"[[213.21299743652344,214.02200317382812],[263.02099609375,179.15899658203125],[411.42857142857144,168.39782960593448],[425.1629943847656,189.73300170898438],[434.3559875488281,343.7149963378906],[439.2380065917969,454.7340087890625]]",7
0,"[[436.60198974609375,85.50299835205078],[274.2857142857143,319.24037964870297],[509.90301513671875,272.4179992675781],[567.281005859375,452.31201171875],[508.448974609375,270.1000061035156],[440.7760009765625,85.50299835205078]]",9
0,"[[137.14285714285714,202.26319950440254],[274.2857142857143,436.57787458628866],[424.6600036621094,312.8030090332031],[138.86500549316406,200.26400756835938],[309.3330078125,90.49299621582031],[425.35400390625,310.0350036621094]]",0
0,"[[501.3869934082031,141.63600158691406],[797.489013671875,177.81100463867188],[518.635986328125,426.04400634765625],[521.2579956054688,426.3970031738281],[658.0469970703125,426.1679992675781],[851.0859985351562,433.4289855957031]]",2
0,"[[525.093994140625,261.2409973144531],[274.5270080566406,265.9620056152344],[411.42857142857144,128.1861921104487],[432.5480041503906,405.84100341796875],[422.5780029296875,302.5509948730469],[416.5039978027344,129.19900512695312]]",4
0,"[[137.14285714285714,350.7144919164733],[274.2857142857143,441.3712318423946],[411.42857142857144,317.56022387636574],[548.5714285714286,122.99268347786807],[685.7142857142857,324.02020629070086],[822.8571428571429,193.5497246879277]]",6
0,"[[424.6109924316406,291.822998046875],[279.6400146484375,67.96199798583984],[413.87298583984375,71.75399780273438],[411.2669982910156,65.52100372314453],[254.02899169921875,270.1180114746094],[418.89801025390625,286.3349914550781]]",8
0,"[[564.7239990234375,404.69500732421875],[690.0339965820312,398.5660095214844],[807.6199951171875,389.90399169921875],[563.6209716796875,168.1750030517578],[685.7142857142857,90.35772092855252],[686.1229858398438,397.4169921875]]",1
0,"[[137.14285714285714,92.48545938765585],[301.37298583984375,190.4980010986328],[162.32000732421875,242.67599487304688],[136.77499389648438,403.5899963378906],[301.37298583984375,346.5419921875],[160.74899291992188,245.08599853515625]]",3
0,"[[647.9010009765625,351.20001220703125],[818.9819946289062,320.1199951171875],[664.8330078125,220.4149932861328],[807.7349853515625,80.51399993896484],[697.677978515625,73.61399841308594],[668.2750244140625,223.30499267578125]]",5
0,"[[580.35302734375,272.6130065917969],[678.5020141601562,272.4320068359375],[762.2119750976562,273.8609924316406],[545.5479736328125,146.72000122070312],[685.7142857142857,159.09354598759586],[606.781005859375,469.87200927734375]]",7
0,"[[555.7750244140625,112.79399871826172],[568.6890258789062,229.01699829101562],[686.2249755859375,215.23300170898438],[547.8259887695312,116.68800354003906],[685.7142857142857,79.4076786388704],[679.780029296875,382.4460144042969]]",9
0,"[[554.4970092773438,138.74600219726562],[530.469970703125,436.02301025390625],[656.8109741210938,453.5069885253906],[548.5714285714286,154.8849865314114],[699.156005859375,161.98399353027344],[655.4910278320312,455.9200134277344]]",0
0,"[[137.14285714285714,144.7076429586054],[305.5450134277344,145.97000122070312],[129.88699340820312,343.8909912109375],[119.58799743652344,338.72601318359375],[326.7950134277344,359.9309997558594],[337.13800048828125,353.6940002441406]]",2
0,"[[407.52301025390625,0],[161.95899963378906,263.8819885253906],[499.64300537109375,279.4169921875],[344.35198974609375,359.0400085449219],[353.4460144042969,236.6060028076172],[347.9909973144531,143.2169952392578]]",4
0,"[[434.5299987792969,78.01899719238281],[274.2857142857143,331.15704207241157],[411.42857142857144,391.0429531928712],[422.5679931640625,393.7969970703125],[461.9429931640625,260.5119934082031],[291.52899169921875,291.760986328125]]",6
0,"[[253.8179931640625,72.53399658203125],[501.4729919433594,65.54499816894531],[312.8190002441406,333.8139953613281],[267.97900390625,105.15699768066406],[552.5130004882812,368.21600341796875],[317.99200439453125,324.40899658203125]]",8
0,"[[263.09100341796875,64.2969970703125],[274.2857142857143,263.9642893232858],[312.5419921875,394.2690124511719],[264.29998779296875,75.25199890136719],[273.3550109863281,270.0660095214844],[317.99200439453125,402.2330017089844]]",1
0,"[[291.3179931640625,68.95099639892578],[518.406982421875,156.60499572753906],[509.70001220703125,268.9750061035156],[280.91900634765625,272.3240051269531],[512.2369995117188,276.260009765625],[293.6369934082031,422.3009948730469]]",3
0,"[[263.6260070800781,350.281005859375],[274.2857142857143,196.632876973477],[411.42857142857144,170.0088127321961],[270.4119873046875,348.7049865722656],[416.1889953613281,347.4570007324219],[405.9989929199219,467.2080078125]]",5
0,"[[137.14285714285714,121.10644046310739],[274.2857142857143,120.89127494799392],[411.42857142857144,106.74549233594233],[109.66400146484375,159],[201.77699279785156,300.14300537109375],[249.58200073242188,456.364990234375]]",7
0,"[[209,399],[171,101],[395,91],[397,94],[435,412],[199,393]]",0
0,"[[153,136],[301,99],[232,317],[231,319],[122,427],[592,427]]",2
0,"[[140,94],[150,272],[452,270],[304,152],[296,293],[286,427]]",4
0,"[[408,77],[274.2857142857143,364.04777420684695],[447,456],[363,229],[548,272],[460,457]]",6
0,"[[403,272],[204,91],[411.42857142857144,68.85677073150873],[405,281],[200,262],[397,86]]",8
0,"[[137.14285714285714,217.6193181425333],[274.2857142857143,235.76397420838475],[411.42857142857144,435.8638133853674],[548.5714285714286,253.27255679294467],[685.7142857142857,319.18041091412306],[822.8571428571429,182.49462377279997]]",1
0,"[[433,70],[731,93],[469,239],[416,445],[725,398],[464,240]]",3
0,"[[363,259],[357,59],[555,73],[385,275],[609,298],[417,447]]",5
0,"[[538,454],[688,44],[372,87],[358,73],[673,82],[531,450]]",7
0,"[[767,263],[421,283],[420,70],[740,478],[761,107],[422,72]]",9
0,"[[443,446],[316,312],[411.42857142857144,124.00891315191984],[417,112],[586,266],[443,459]]",0
0,"[[333,124],[571,100],[495,290],[657,440],[375,439],[499,283]]",2
0,"[[725,453],[716,319],[709,182],[548.5714285714286,86.39643508940935],[530,307],[856,298]]",4
0,"[[708,307],[628,408],[618,230],[636,49],[491,217],[514,380]]",6
0,"[[137.14285714285714,223.181704711169],[274.2857142857143,103.06987939402461],[257,342],[560,263],[685.7142857142857,67.7602699957788],[589,439]]",8
0,"[[308,284],[395,196],[548,139],[548.5714285714286,126.85772366821766],[534,328],[529,498]]",1
0,"[[194,74],[354,157],[220,255],[210,256],[367,336],[220,484]]",3
0,"[[649,58],[421,76],[487,260],[593,266],[624,437],[389,448]]",5
0,"[[137.14285714285714,248.45879171043634],[274.2857142857143,349.4666764512658],[411.42857142857144,279.20855013653636],[548.5714285714286,118.7129276804626],[685.7142857142857,262.55105175077915],[822.8571428571429,378.7315970286727]]",7
0,"[[568,268],[274.2857142857143,362.25313898175955],[522,103],[535,89],[578,262],[553,465]]",9
0,"[[431,481],[290,268],[577,134],[431,465],[647,359],[585,154]]",0
0,"[[244,102],[495,86],[323,312],[351,308],[467,297],[661,245]]",2
0,"[[486,28],[494,221],[675,216],[665,416],[669,215],[660,25]]",4
0,"[[310,394],[327,267],[365,113],[323,267],[531,289],[310,405]]",6
0,"[[431,129],[233,184],[439,377],[435,154],[232,441],[424,392]]",8
0,"[[435,457],[438,348],[411.42857142857144,241.40781797468662],[379,84],[404,225],[434,313]]",1
0,"[[390,420],[681,332],[475,286],[487,118],[685.7142857142857,147.5213640369475],[487,289]]",3
0,"[[519,493],[789,327],[468,331],[472,322],[557,164],[787,183]]",5
0,"[[336,142],[572,145],[879,125],[773,480],[771,303],[790,91]]",7
0,"[[428,63],[475,307],[394,386],[427,67],[231,213],[449,208]]",9
0,"[[312,318],[475,461],[587,285],[317,320],[454,174],[591,303]]",0
0,"[[160,416],[368,230],[136,160],[160,416],[404,446],[404,438]]",2
0,"[[271,37],[274.2857142857143,354.3625632300973],[584,347],[456,202],[452,483],[455,476]]",4
0,"[[246,70],[274.2857142857143,423.034492880106],[504,416],[251,389],[450,238],[516,423]]",6
0,"[[450,266],[463,242],[344,80],[301,418],[502,76],[477,452]]",8
0,"[[281,85],[274.2857142857143,198.1878761202097],[247,419],[283,54],[278,197],[262,416]]",1
0,"[[274,63],[486,177],[303,291],[284,489],[507,346],[301,305]]",3
0,"[[519,64],[277,137],[386,307],[419,295],[468,429],[230,467]]",5
0,"[[406,137],[387,140],[592,126],[588,142],[536,322],[484,494]]",7
0,"[[231,90],[394,87],[426,310],[434,318],[418,485],[278,322]]",9
0,"[[735,302],[607,127],[801,134],[789,106],[797,275],[780,484]]",0
0,"[[426,199],[583,83],[707,212],[706,206],[494,419],[822.8571428571429,363.35930563509464]]",2
0,"[[689,471],[678,323],[652,100],[655,100],[531,313],[824,297]]",4
0,"[[424,60],[183,312],[574,321],[368,465],[383,230],[376,229]]",4
0,"[[438,491],[267,313],[473,20],[275,314],[586,280],[439,488]]",6
0,"[[535,66],[274.2857142857143,194.47219166904688],[543,193],[576,149],[700,301],[612,63]]",8
0,"[[643,21],[633,75],[624,161],[633,223],[620,302],[610,435]]",1
0,"[[218,59],[357,144],[209,253],[297,469],[428,335],[276,302]]",3
0,"[[420,276],[424,133],[592,139],[433,457],[641,371],[437,276]]",5
0,"[[137.14285714285714,52.404274605214596],[270,57],[411.42857142857144,75.76582403853536],[389,127],[297,339],[210,458]]",7
0,"[[795,297],[488,234],[787,84],[542,448],[789,482],[788,74]]",9
0,"[[544,65],[329,265],[438,447],[464,457],[745,359],[554,69]]",0
0,"[[341,247],[447,143],[206,109],[381,365],[190,353],[339,242]]",2
0,"[[472,31],[466,197],[463,416],[468,195],[271,198],[254,28]]",4
0,"[[410,389],[333,262],[454,74],[346,273],[499,251],[426,384]]",6
0,"[[137.14285714285714,241.37552119791508],[274.2857142857143,63.69646303355694],[690,379],[154,286],[685.7142857142857,403.8603784516454],[822.8571428571429,164.43994212895632]]",8
0,"[[621,182],[829,322],[414,472],[548.5714285714286,148.1246031820774],[448,409],[822.8571428571429,355.0965298898518]]",1
0,"[[786,105],[274.2857142857143,295.05812684074044],[813,395],[502,94],[841,451],[822.8571428571429,141.17616219446063]]",3
0,"[[191,117],[651,117],[832,429],[219,109],[646,125],[843,435]]",5
0,"[[137.14285714285714,98.99000469595194],[425,98],[347,489],[403,161],[391,318],[338,498]]",7
0,"[[427,262],[555,187],[548,160],[548.5714285714286,174.20037407428026],[724,468],[549,187]]",9
0,"[[90,328],[274.2857142857143,195.5826386809349],[485,82],[378,10],[587,311],[701,480]]",0
0,"[[217,101],[378,118],[218,304],[223,306],[136,369],[452,358]]",2
0,"[[416,82],[271,325],[551,339],[431,222],[424,382],[429,459]]",4
0,"[[421,358],[274.2857142857143,205.07537415251136],[411.42857142857144,129.16034888476133],[432,461],[610,500],[476,350]]",6
0,"[[533,230],[379,181],[476,272],[431,451],[486,359],[530,468]]",8
0,"[[468,126],[633,15],[680,83],[713,79],[685.7142857142857,267.23823184147477],[726,472]]",1
0,"[[440,308],[537,170],[411.42857142857144,90.48823434859514],[444,311],[685.7142857142857,293.3606594800949],[435,482]]",3
0,"[[172,71],[415,89],[207,346],[229,352],[398,351],[548,352]]",2
0,"[[137.14285714285714,384.82717806473374],[274.2857142857143,445.08166844025254],[411.42857142857144,127.49523241072893],[548.5714285714286,399.80072071775794],[685.7142857142857,385.3828492574394],[822.8571428571429,293.9401206560433]]",4
0,"[[539,393],[533,267],[574,67],[530,268],[766,324],[536,397]]",6
0,"[[392,325],[356,96],[261,283],[269,270],[273,450],[380,336]]",8
0,"[[677,121],[274.2857142857143,385.9581266529858],[411.42857142857144,290.69496914744377],[548.5714285714286,343.83660489693284],[685.7142857142857,65.57961693033576],[822.8571428571429,104.37592351809144]]",1
0,"[[360,299],[207,153],[411.42857142857144,138.88791957870126],[366,290],[154,391],[380,473]]",3
0,"[[247,272],[242,136],[411.42857142857144,135.12236047536135],[240,270],[400,342],[247,428]]",5
0,"[[438,459],[546,129],[276,93],[288,261],[489,283],[628,297]]",7
0,"[[382,111],[250,263],[415,299],[378,119],[447,196],[443,442]]",9
0,"[[303,417],[192,97],[425,138],[421,129],[474,308],[305,407]]",0
0,"[[128,126],[325,114],[363,268],[366,262],[166,390],[398,392]]",2
0,"[[272,61],[151,303],[370,306],[295,191],[287,344],[284,441]]",4
0,"[[360,400],[220,139],[411.42857142857144,77.0336608402431],[359,404],[487,297],[275,261]]",6
0,"[[380,370],[218,117],[411.42857142857144,76.56408017501235],[424,97],[201,297],[380,364]]",8
0,"[[502,446],[674,422],[836,436],[665,422],[685.7142857142857,131.19334457442164],[526,180]]",1
0,"[[392,477],[501,393],[411.42857142857144,283.07934794574976],[422,271],[563,160],[408,97]]",3
0,"[[511,444],[711,336],[505,278],[625,109],[490,121],[512,288]]",5
0,"[[374,461],[440,383],[524,279],[417,116],[623,134],[518,285]]",7
0,"[[137.14285714285714,190.32007418572903],[274.2857142857143,439.512400329113],[411.42857142857144,246.80480007082224],[548.5714285714286,198.90424804762006],[685.7142857142857,144.9823223054409],[822.8571428571429,95.99311714991927]]",9
0,"[[137.14285714285714,107.3544810526073],[431,134],[291,486],[472,428],[838,484],[822.8571428571429,89.420813228935]]",0
0,"[[49,297],[274.2857142857143,327.45342506095767],[411.42857142857144,322.6867997087538],[428,315],[685.7142857142857,182.11178928613663],[860,410]]",2
0,"[[343,35],[274,262],[497,290],[372,427],[404,180],[415,176]]",4
0,"[[417,7],[235,373],[415,458],[252,354],[467,229],[419,459]]",6
0,"[[440,432],[226,126],[411.42857142857144,88.31838946789503],[413,95],[215,435],[443,429]]",8
0,"[[293,150],[391,36],[396,380],[253,382],[397,371],[576,382]]",1
0,"[[295,80],[450,129],[360,333],[357,321],[507,420],[287,500]]",3
0,"[[249,233],[464,262],[276,410],[425,59],[229,67],[252,247]]",5
0,"[[137.14285714285714,76.84175241738558],[385,64],[317,436],[196,231],[366,241],[524,231]]",7
0,"[[450,303],[198,56],[411.42857142857144,59.67657743021846],[414,67],[441,296],[452,452]]",9
0,"[[282,78],[293,392],[555,352],[282,75],[498,54],[568,361]]",0
0,"[[233,65],[447,61],[608,65],[584,79],[239,322],[513,322]]",2
0,"[[412,281],[179,289],[215,108],[430,114],[404,283],[402,439]]",4
0,"[[319,272],[364,457],[550,277],[306,268],[540,248],[490,86]]",6
0,"[[450,407],[274.2857142857143,208.48657246679068],[445,201],[451,417],[255,369],[445,207]]",8
0,"[[345,71],[352,276],[351,443],[342,71],[310,104],[243,151]]",1
0,"[[137.14285714285714,258.02772557362914],[274.2857142857143,336.11622592434287],[411.42857142857144,143.72401991859078],[820,416],[685.7142857142857,260.45384211465716],[822.8571428571429,59.49865663424134]]",3
0,"[[392,256],[640,337],[425,463],[548.5714285714286,82.96013968065381],[381,109],[394,256]]",5
0,"[[122,73],[227,81],[372,81],[372,95],[280,203],[169,371]]",7
0,"[[420,319],[268,108],[449,125],[364,495],[432,313],[453,131]]",9
0,"[[268,414],[274.2857142857143,139.7077470086515],[514,96],[269,399],[504,419],[509,103]]",0
0,"[[137.14285714285714,92.90941962972283],[466,56],[338,283],[335,283],[190,443],[484,423]]",2
0,"[[378,80],[311,264],[536,242],[448,177],[450,306],[438,413]]",4
0,"[[228,378],[274.2857142857143,217.33921775594354],[430,67],[278,213],[506,324],[220,393]]",6
0,"[[480,343],[193,100],[411.42857142857144,80.86336618289351],[410,110],[258,378],[477,343]]",8
0,"[[397,75],[393,271],[403,480],[548.5714285714286,421.5736996382475],[685.7142857142857,384.63393142446876],[822.8571428571429,404.9420941621065]]",1
0,"[[358,78],[523,136],[411.42857142857144,257.95026728883386],[417,256],[506,341],[304,383]]",3
0,"[[411,62],[221,83],[213,221],[218,211],[396,300],[216,373]]",5
0,"[[416,376],[274.2857142857143,82.21931578591466],[411.42857142857144,374.02455853298306],[826,65],[685.7142857142857,447.1923462115228],[822.8571428571429,65.41439574211836]]",7
0,"[[758,260],[469,206],[558,86],[556,90],[743,116],[753,475]]",9
0,"[[305,76],[463,205],[324,388],[320,388],[192,230],[312,81]]",0
0,"[[494,268],[488,108],[337,150],[582,337],[357,355],[495,265]]",2
0,"[[411,258],[233,253],[226,120],[420,102],[408,378],[416,436]]",4
0,"[[310,381],[274.2857142857143,265.70972399786115],[299,112],[310,382],[495,345],[277,265]]",6
0,"[[528,85],[326,128],[513,399],[515,395],[312,384],[526,93]]",8
0,"[[348,78],[451,79],[411.42857142857144,418.36940590292215],[285,416],[407,422],[531,419]]",1
0,"[[629,265],[611,108],[406,121],[344,384],[632,267],[358,260]]",3
0,"[[566,402],[720,393],[674,280],[681,281],[626,137],[770,111]]",5
0,"[[116,142],[234,138],[112,383],[549,97],[715,105],[473,382]]",7
0,"[[316,80],[105,154],[265,290],[296,479],[297,215],[306,90]]",9
0,"[[137.14285714285714,339.8324307985604],[358,471],[421,279],[137,338],[186,131],[420,280]]",0
0,"[[205,85],[362,61],[218,269],[218,273],[312,276],[434,256]]",2
0,"[[481,103],[274.2857142857143,333.91028828918934],[552,346],[485,117],[501,346],[503,471]]",4
0,"[[443,458],[388,259],[497,54],[434,257],[586,363],[443,471]]",6
0,"[[459,377],[211,192],[392,118],[388,108],[247,392],[459,379]]",8
0,"[[144,231],[312,43],[330,213],[319,219],[328,345],[339,500]]",1
0,"[[227,275],[390,176],[155,92],[226,267],[408,381],[98,416]]",3
0,"[[551,89],[340,98],[362,217],[362,216],[586,293],[346,434]]",5
0,"[[137.14285714285714,52.20391098409891],[305,64],[454,49],[467,56],[245,351],[96,491]]",7
0,"[[374,322],[151,206],[411.42857142857144,198.2485517859459],[407,200],[374,322],[306,493]]",9
0,"[[338,138],[194,298],[320,430],[335,135],[438,288],[321,432]]",0
0,"[[137.14285714285714,58.69613289833069],[319,94],[148,279],[124,275],[267,292],[315,299]]",2
0,"[[422,324],[128,262],[300,58],[336,181],[305,351],[278,429]]",4
0,"[[380,424],[250,280],[353,50],[258,276],[444,209],[368,424]]",6
0,"[[339,109],[411,267],[564,105],[314,417],[408,270],[524,434]]",8
0,"[[292,190],[380,80],[378,355],[259,350],[375,350],[484,341]]",1
0,"[[137.14285714285714,87.7223719842732],[412,90],[300,255],[296,249],[400,351],[107,368]]",3
0,"[[279,271],[274.2857142857143,80.91137344017625],[446,117],[278,277],[467,345],[186,391]]",5
0,"[[234,125],[426,108],[331,494],[287,276],[377,266],[476,265]]",7
0,"[[187,176],[393,101],[404,478],[177,181],[233,313],[398,226]]",9
0,"[[293,298],[404,53],[628,262],[297,306],[459,450],[616,265]]",0
0,"[[196,146],[436,93],[376,298],[377,303],[253,476],[484,437]]",2
0,"[[302,80],[176,287],[445,279],[342,420],[346,293],[332,177]]",4
0,"[[337,447],[215,203],[525,86],[328,444],[492,337],[224,282]]",6
0,"[[338,192],[484,411],[343,408],[348,388],[461,164],[338,197]]",8
0,"[[493,231],[559,170],[599,142],[611,132],[617,291],[626,457]]",1
0,"[[345,127],[480,117],[386,287],[385,298],[500,370],[333,426]]",3
0,"[[477,83],[248,98],[249,267],[298,259],[513,301],[302,446]]",5
0,"[[137,138],[317,157],[256,392],[509,155],[701,147],[564,449]]",7
0,"[[292,461],[287,259],[278,99],[308,115],[527,201],[320,272]]",9
0,"[[303,398],[195,202],[411.42857142857144,94.54469922930002],[438,112],[566,270],[325,415]]",0
0,"[[314,129],[500,169],[321,436],[320,416],[326,444],[516,445]]",2
0,"[[405,305],[227,209],[411.42857142857144,130.82811906933784],[436,153],[447,312],[438,489]]",4
0,"[[585,174],[725,324],[502,380],[504,389],[583,175],[717,33]]",6
0,"[[557,354],[251,166],[436,91],[557,347],[337,426],[447,95]]",8
0,"[[357,75],[350,256],[342,429],[542,83],[553,247],[552,424]]",1
0,"[[443,259],[647,196],[448,94],[444,260],[642,398],[438,450]]",3
0,"[[619,293],[860,383],[634,492],[620,292],[592,114],[825,109]]",5
0,"[[639,295],[741,298],[841,297],[612,474],[854,96],[519,81]]",7
0,"[[560,478],[544,291],[540,120],[548.5714285714286,284.4294990412891],[713,232],[541,116]]",9
0,"[[546,309],[674,448],[806,285],[549,307],[685.7142857142857,189.50503785163164],[817,280]]",0
0,"[[711,365],[613,360],[523,364],[514,355],[700,70],[526,65]]",2
0,"[[521,324],[317,332],[307,104],[430,337],[420,255],[429,433]]",4
0,"[[429,481],[420,287],[411.42857142857144,88.74289952218533],[438,474],[626,381],[415,285]]",6
0,"[[137.14285714285714,395.1320986263454],[274.2857142857143,242.21124984323978],[411.42857142857144,139.3687877804041],[548.5714285714286,96.08693020418286],[685.7142857142857,327.7771974913776],[822.8571428571429,400.16313632950187]]",8
0,"[[370,176],[647,76],[664,243],[677,236],[685.7142857142857,364.57626800984144],[680,500]]",1
0,"[[470,79],[613,201],[503,290],[495,300],[688,393],[475,492]]",3
0,"[[554,80],[344,72],[372,266],[394,272],[558,379],[380,477]]",5
0,"[[172,118],[418,130],[290,394],[192,241],[348,249],[481,252]]",7
0,"[[304,220],[187,65],[334,70],[333,83],[311,218],[310,359]]",9
0,"[[237,237],[404,444],[539,179],[233,246],[322,94],[542,171]]",0
0,"[[164,143],[354,178],[228,369],[229,377],[320,388],[417,379]]",2
0,"[[693,245],[274.2857142857143,246.3730032555759],[453,80],[548.5714285714286,199.3495780043304],[529,335],[519,468]]",4
0,"[[375,462],[274.2857142857143,128.9884638041258],[504,113],[389,475],[572,477],[302,297]]",6
0,"[[393,136],[513,296],[581,95],[447,452],[511,288],[615,452]]",8
0,"[[425,80],[274.2857142857143,384.0063608251512],[465,413],[428,69],[225,72],[453,409]]",1
0,"[[240,111],[592,74],[445,259],[444,257],[622,403],[289,439]]",3
0,"[[481,320],[252,209],[512,84],[482,315],[531,460],[305,469]]",5
0,"[[351,119],[484,111],[629,107],[535,452],[591,304],[631,106]]",7
0,"[[512,254],[301,157],[503,84],[513,109],[508,372],[341,412]]",9
0,"[[325,94],[308,426],[582,416],[306,103],[560,72],[569,414]]",0
0,"[[350,362],[358,65],[104,167],[766,201],[500,327],[370,373]]",2
0,"[[413,90],[345,306],[649,379],[548.5714285714286,95.12698547914624],[503,497],[505,477]]",4
0,"[[489,9],[274.2857142857143,274.17158065363765],[346,482],[346,237],[541,408],[350,496]]",6
0,"[[557,77],[274.2857142857143,55.37316743284464],[579,434],[548.5714285714286,84.18980902060866],[305,487],[577,467]]",8
0,"[[137.14285714285714,350.2413699403405],[274.2857142857143,365.7299372367561],[411.42857142857144,355.0031722523272],[423,331],[765,303],[921,311]]",1
0,"[[137.14285714285714,134.57122202962637],[274.2857142857143,344.0070565789938],[479,103],[516,71],[706,381],[884,89]]",3
0,"[[489,89],[297,109],[280,288],[344,295],[527,323],[281,500]]",5
0,"[[123,147],[260,153],[411.42857142857144,143.07028949260712],[158,480],[261,325],[415,155]]",7
0,"[[562,431],[575,119],[389,115],[390,104],[517,10],[578,124]]",9
0,"[[544,135],[274.2857142857143,240.66709652543068],[411.42857142857144,384.4067506492138],[371,375],[685.7142857142857,423.137607332319],[543,130]]",0
0,"[[362,154],[494,68],[560,236],[560,228],[364,443],[644,437]]",2
0,"[[410,84],[426,283],[411.42857142857144,442.9502233862877],[450,295],[588,293],[586,73]]",4
0,"[[687,422],[438,404],[398,114],[420,262],[683,220],[698,421]]",6
0,"[[449,105],[784,413],[528,436],[430,87],[685.7142857142857,110.4184084571898],[526,433]]",8
0,"[[425,188],[534,116],[539,110],[542,110],[542,231],[553,449]]",1
0,"[[544,95],[725,151],[546,282],[548.5714285714286,428.29840928316116],[742,344],[550,263]]",3
0,"[[642,90],[433,90],[411.42857142857144,207.4279642663896],[444,212],[634,300],[464,378]]",5
0,"[[334,95],[501,94],[654,93],[487,408],[510,255],[663,108]]",7
0,"[[603,101],[381,200],[577,277],[617,106],[619,278],[543,457]]",9
0,"[[407,417],[274.2857142857143,316.5704498067498],[411.42857142857144,80.23731429129839],[431,94],[517,261],[403,404]]",0
0,"[[335,205],[468,150],[536,240],[540,256],[431,434],[614,414]]",2
0,"[[577,359],[274.2857142857143,364.18542210012674],[411.42857142857144,66.32274221628904],[413,66],[454,281],[444,456]]",4
0,"[[465,88],[346,250],[369,409],[381,407],[467,311],[349,249]]",6
0,"[[457,127],[274.2857142857143,115.6868171878159],[439,422],[453,415],[234,379],[454,135]]",8
0,"[[413,166],[490,71],[526,429],[590,412],[526,415],[434,421]]",1
0,"[[822,406],[628,429],[350,406],[384,111],[690,88],[339,441]]",3
0,"[[338,109],[544,96],[292,396],[426,242],[450,421],[625,431]]",5
0,"[[404,109],[554,86],[698,118],[526,461],[633,325],[703,136]]",7
0,"[[583,255],[390,179],[586,105],[587,101],[580,253],[580,388]]",9
0,"[[461,66],[274.2857142857143,217.13198544457555],[411.42857142857144,382.0721834897995],[462,68],[617,209],[411,386]]",0
0,"[[219,192],[426,140],[354,295],[353,290],[297,412],[512,367]]",2
0,"[[377,468],[355,277],[356,78],[358,282],[593,267],[539,111]]",4
0,"[[448,466],[393,303],[411.42857142857144,67.82100284472108],[457,462],[685.7142857142857,280.92354694381356],[411,300]]",6
0,"[[514,85],[519,445],[387,337],[503,268],[379,479],[380,99]]",8
0,"[[265,283],[254,176],[263,64],[281,292],[269,397],[293,481]]",1
0,"[[360,328],[483,193],[300,88],[357,328],[500,428],[306,500]]",3
0,"[[277,297],[273,122],[441,102],[266,287],[446,417],[288,479]]",5
0,"[[137.14285714285714,103.57140805572271],[391,84],[368,161],[361,164],[317,279],[255,413]]",7
0,"[[508,425],[641,316],[691,101],[631,310],[483,106],[678,92]]",9
0,"[[493,413],[365,272],[502,103],[499,412],[645,277],[500,98]]",0
0,"[[137.14285714285714,236.36755775660276],[354,101],[411.42857142857144,443.72732881456614],[408,443],[685.7142857142857,298.7035118974745],[822.8571428571429,61.82408593595028]]",2
0,"[[472,260],[274.2857142857143,230.750666372478],[526,28],[474,260],[475,263],[463,391]]",4
0,"[[357,371],[589,357],[510,192],[353,345],[468,165],[550,66]]",6
0,"[[137.14285714285714,377.8746164403856],[274.2857142857143,417.8637698292732],[411.42857142857144,220.15481758862734],[458,404],[597,459],[730,287]]",8
0,"[[137.14285714285714,207.2514989413321],[274.2857142857143,326.87580650672317],[411.42857142857144,352.65284618362784],[526,215],[650,341],[800,377]]",1
0,"[[137.14285714285714,216.12923070788383],[274.2857142857143,329.6169732697308],[415,121],[548.5714285714286,342.5060090608895],[685.7142857142857,98.20960639044642],[822.8571428571429,108.22580149397254]]",3
0,"[[877,95],[440,78],[477,253],[496,474],[775,387],[516,270]]",5
0,"[[553,95],[840,89],[793,277],[558,278],[791,281],[683,498]]",7
0,"[[568,110],[476,233],[653,240],[571,117],[656,236],[524,434]]",9
0,"[[472,404],[337,289],[424,130],[440,136],[568,217],[467,397]]",0
0,"[[688,402],[490,391],[645,283],[492,129],[682,152],[666,287]]",2
0,"[[471,109],[274.2857142857143,343.54142490774393],[547,340],[463,116],[471,343],[476,437]]",4
0,"[[395,401],[427,266],[507,141],[393,398],[535,354],[434,252]]",6
0,"[[610,350],[274.2857142857143,126.64165096357465],[411.42857142857144,100.38953395560384],[412,100],[431,478],[609,347]]",8
0,"[[397,64],[397,66],[404,261],[398,264],[402,256],[423,478]]",1
0,"[[462,406],[135,225],[411.42857142857144,348.46828086301684],[548.5714285714286,325.6994475610554],[685.7142857142857,383.1861214712262],[537,79]]",3
0,"[[137.14285714285714,417.40040397271514],[276,439],[411.42857142857144,393.4253491461277],[548.5714285714286,124.49765112251043],[685.7142857142857,173.4530103392899],[822.8571428571429,83.62818043678999]]",5
0,"[[513,141],[278,135],[425,476],[257,308],[324,300],[416,306]]",7
0,"[[715,247],[857,172],[691,89],[703,85],[695,440],[811,468]]",9
0,"[[683,351],[866,368],[855,202],[680,345],[685.7142857142857,210.65652882680297],[868,193]]",0
0,"[[726,422],[507,406],[700,285],[486,133],[691,113],[695,289]]",2
0,"[[765,190],[373,231],[429,14],[607,69],[566,257],[527,438]]",4
0,"[[332,68],[362,419],[538,452],[342,246],[543,235],[538,454]]",6
0,"[[349,427],[415,223],[438,72],[680,80],[685,265],[679,456]]",8
0,"[[380,170],[446,99],[442,336],[365,320],[431,331],[509,339]]",1
0,"[[361,338],[536,290],[411.42857142857144,154.89881746470928],[366,335],[517,423],[353,469]]",3
0,"[[137.14285714285714,323.35073621943593],[254,125],[411.42857142857144,228.67185063660145],[548.5714285714286,276.58222476020455],[782,266],[822.8571428571429,75.72792414575815]]",5
0,"[[137.14285714285714,75.28430549427867],[274.2857142857143,440.4276072047651],[411.42857142857144,172.03726964071393],[548.5714285714286,73.80279777571559],[685.7142857142857,426.17376036942005],[822.8571428571429,373.19807782769203]]",7
0,"[[396,76],[218,190],[367,277],[390,433],[378,262],[422,101]]",9
0,"[[376,408],[274.2857142857143,183.45832573249936],[411.42857142857144,61.734616197645664],[458,84],[540,215],[415,416]]",0
0,"[[519,270],[652,269],[814,268],[496,93],[659,117],[519,272]]",2
0,"[[326,78],[213,295],[480,291],[366,216],[367,358],[369,453]]",4
0,"[[380,78],[218,264],[361,392],[356,392],[489,310],[216,272]]",6
0,"[[491,402],[284,127],[476,118],[485,119],[302,397],[477,391]]",8
0,"[[390,450],[408,265],[411.42857142857144,91.44156174734235],[403,89],[341,136],[280,187]]",1
0,"[[212,86],[512,100],[392,259],[389,262],[534,408],[274,418]]",3
0,"[[471,465],[711,387],[436,251],[704,84],[452,93],[446,254]]",5
0,"[[359,365],[438,127],[258,114],[548.5714285714286,116.31421083584428],[720,114],[585,378]]",7
0,"[[366,160],[333,276],[355,449],[337,94],[720,71],[370,281]]",9
0,"[[300,139],[274.2857142857143,392.9454415105283],[577,446],[349,120],[552,152],[575,435]]",0
0,"[[236,106],[470,110],[302,322],[306,324],[442,324],[600,322]]",2
0,"[[351,396],[349,268],[457,63],[462,68],[198,250],[464,260]]",4
0,"[[315,434],[300,177],[470,21],[295,174],[511,281],[315,436]]",6
0,"[[449,82],[282,88],[443,411],[449,84],[244,428],[448,407]]",8
0,"[[230,183],[316,67],[334,416],[187,421],[332,404],[466,409]]",1
0,"[[419,58],[628,96],[540,231],[553,211],[697,360],[361,445]]",3
0,"[[257,270],[271,90],[536,75],[253,271],[454,328],[287,437]]",5
0,"[[119,115],[340,127],[302,298],[137,305],[306,302],[229,460]]",7
0,"[[319,278],[315,75],[604,92],[314,275],[608,90],[606,469]]",9
0,"[[214,347],[256,25],[448,79],[444,81],[420,373],[228,349]]",0
0,"[[145,115],[571,210],[290,347],[403,449],[571,392],[755,212]]",2
0,"[[455,64],[440,257],[475,454],[613,275],[231,359],[311,96]]",4
0,"[[428,462],[245,231],[355,57],[331,279],[540,260],[433,464]]",6
0,"[[596,429],[297,416],[650,148],[613,412],[244,40],[649,83]]",8
0,"[[284,66],[311,186],[314,312],[327,327],[356,429],[366,490]]",1
0,"[[137.14285714285714,72.00386915355921],[435,74],[231,246],[218,232],[496,376],[288,432]]",3
0,"[[137.14285714285714,200.31042648479342],[274.2857142857143,50.69093033671379],[411.42857142857144,155.33920275047421],[280,369],[685.7142857142857,447.59928388521075],[822.8571428571429,89.42325934767723]]",5
0,"[[137.14285714285714,390.7606951892376],[274.2857142857143,287.9759752191603],[329,456],[548.5714285714286,211.50565445423126],[685.7142857142857,332.95055804774165],[822.8571428571429,386.3323946483433]]",7
0,"[[137.14285714285714,362.37232349812984],[274.2857142857143,391.1099256016314],[411.42857142857144,126.08503168448806],[548.5714285714286,305.08722281083465],[685.7142857142857,318.6294140294194],[822.8571428571429,252.5774911046028]]",9
0,"[[358,357],[506,118],[637,358],[363,358],[508,493],[638,355]]",0
0,"[[435,296],[322,411],[580,422],[363,95],[577,151],[452,266]]",2
0,"[[257,87],[255,282],[436,280],[431,79],[434,285],[430,429]]",4
0,"[[340,73],[240,284],[369,443],[368,446],[473,292],[238,286]]",6
0,"[[427,43],[107,307],[313,418],[315,421],[155,94],[406,70]]",8
0,"[[282,156],[398,84],[411.42857142857144,433.62199906259775],[282,423],[404,429],[534,429]]",1
0,"[[378,236],[521,169],[411.42857142857144,76.14787332713604],[377,232],[508,321],[374,394]]",3
0,"[[313,441],[474,378],[331,287],[329,289],[359,145],[501,147]]",5
0,"[[381,112],[500,89],[630,103],[548.5714285714286,345.09405586868525],[545,229],[637,99]]",7
0,"[[513,119],[417,272],[643,249],[548.5714285714286,128.0791500583291],[685.7142857142857,377.6503114029765],[454,463]]",9
0,"[[470,111],[274.2857142857143,297.6674518547952],[430,415],[491,122],[588,280],[448,412]]",0
0,"[[219,201],[354,84],[479,204],[468,221],[206,437],[421,438]]",2
0,"[[463,213],[274.2857142857143,211.53690293431282],[447,85],[462,106],[474,230],[471,383]]",4
0,"[[333,69],[274.2857142857143,376.231228467077],[415,471],[441,466],[499,333],[291,326]]",6
0,"[[513,207],[384,142],[450,406],[511,206],[292,406],[454,401]]",8
0,"[[434,228],[431,152],[440,96],[436,287],[442,348],[435,425]]",1
0,"[[506,60],[644,145],[477,255],[480,272],[609,359],[486,493]]",3
0,"[[381,235],[390,66],[606,65],[466,246],[622,314],[429,482]]",5
0,"[[150,98],[300,98],[458,94],[454,85],[344,275],[243,438]]",7
0,"[[392,269],[236,170],[393,101],[391,92],[388,275],[401,427]]",9
0,"[[137.14285714285714,236.39425514265895],[274.2857142857143,257.1717112325132],[411.42857142857144,237.66351966187358],[548.5714285714286,99.86834386363626],[685.7142857142857,247.7336353622377],[822.8571428571429,274.9310645274818]]",0
0,"[[68,205],[225,104],[162,362],[456,353],[301,364],[172,353]]",2
0,"[[404,79],[284,280],[411.42857142857144,311.8507135659456],[412,85],[402,306],[387,419]]",4
0,"[[444,446],[274.2857142857143,300.65717538818717],[411.42857142857144,84.45246396586299],[281,287],[476,299],[436,450]]",6
0,"[[469,420],[757,388],[472,245],[466,427],[678,238],[457,239]]",8
0,"[[343,120],[480,3],[477,443],[380,443],[484,446],[560,451]]",1
0,"[[414,447],[606,394],[445,268],[443,268],[622,198],[467,94]]",3
0,"[[404,157],[567,298],[418,362],[402,158],[434,51],[565,56]]",5
0,"[[356,156],[496,134],[597,152],[440,493],[521,313],[589,142]]",7
0,"[[416,103],[227,201],[390,275],[416,97],[387,283],[362,459]]",9
0,"[[205,204],[331,85],[425,307],[207,197],[268,436],[426,307]]",0
0,"[[251,171],[386,81],[409,207],[415,198],[329,350],[539,338]]",2
0,"[[367,79],[248,340],[475,323],[366,100],[365,283],[365,404]]",4
0,"[[367,391],[368,249],[356,36],[561,73],[803,81],[594,381]]",6
0,"[[403,344],[274.2857142857143,128.4916858188808],[411.42857142857144,153.33142466843128],[397,342],[246,317],[412,155]]",8
0,"[[482,44],[479,145],[484,240],[482,239],[490,338],[502,448]]",1
0,"[[453,85],[563,181],[443,229],[443,238],[541,314],[436,380]]",3
0,"[[653,481],[857,396],[689,265],[683,257],[685.7142857142857,88.30789681524038],[822.8571428571429,67.37075271084905]]",5
0,"[[640,261],[758,251],[852,261],[537,94],[792,105],[677,442]]",7
0,"[[675,313],[435,212],[656,98],[649,93],[693,240],[537,490]]",9
0,"[[458,277],[624,83],[775,258],[454,273],[618,500],[778,260]]",0
0,"[[388,198],[540,85],[687,171],[692,475],[368,434],[676,171]]",2
0,"[[398,271],[606,305],[889,315],[402,300],[605,79],[578,483]]",4
0,"[[643,466],[357,275],[596,58],[368,259],[632,218],[656,463]]",6
0,"[[596,131],[342,399],[563,394],[564,391],[341,133],[590,133]]",8
0,"[[448,145],[517,98],[532,449],[477,449],[540,449],[600,456]]",1
0,"[[531,283],[316,109],[574,80],[540,287],[324,346],[541,450]]",3
0,"[[181,272],[183,100],[411.42857142857144,99.03889214619994],[179,268],[395,437],[205,442]]",5
0,"[[449,294],[555,298],[651,290],[383,111],[640,116],[440,452]]",7
0,"[[599,434],[590,191],[388,166],[388,155],[509,50],[592,185]]",9
0,"[[486,374],[339,217],[492,114],[500,367],[640,235],[510,120]]",0
0,"[[362,197],[464,73],[539,204],[540,196],[367,417],[592,427]]",2
0,"[[423,54],[427,245],[419,451],[515,262],[181,260],[423,41]]",4
0,"[[374,453],[274.2857142857143,332.77851324528456],[310,105],[372,449],[474,363],[265,330]]",6
0,"[[420,485],[636,151],[369,120],[416,492],[666,478],[360,143]]",8
0,"[[562,427],[534,14],[411.42857142857144,170.4049908556044],[387,459],[532,442],[686,441]]",1
0,"[[339,174],[589,99],[517,294],[518,296],[650,386],[354,440]]",3
0,"[[734,86],[374,91],[367,265],[384,257],[652,369],[392,482]]",5
0,"[[287,110],[374,114],[476,116],[473,112],[403,291],[333,434]]",7
0,"[[408,222],[274.2857142857143,85.18489599227905],[453,82],[449,87],[409,219],[392,416]]",9
0,"[[137.14285714285714,252.4674028158188],[274.2857142857143,371.20194947347045],[411.42857142857144,286.0800290480256],[548.5714285714286,395.5160523764789],[685.7142857142857,145.49492355436087],[822.8571428571429,170.24001087993383]]",0
0,"[[137.14285714285714,224.93859995156527],[274.2857142857143,159.5983298495412],[411.42857142857144,344.41291131079197],[548.5714285714286,57.039916422218084],[685.7142857142857,391.05757186189294],[822.8571428571429,255.42878219857812]]",2
0,"[[381,72],[193,367],[488,351],[372,237],[366,346],[353,453]]",4
0,"[[425,385],[233,350],[464,108],[419,391],[476,253],[310,251]]",6
0,"[[398,401],[227,94],[411.42857142857144,99.43032059818506],[410,103],[247,337],[396,398]]",8
0,"[[404,78],[407,232],[411.42857142857144,385.86744563654065],[411,76],[322,155],[306,164]]",1
0,"[[366,99],[535,164],[401,280],[406,282],[556,327],[376,416]]",3
0,"[[327,269],[274.2857142857143,76.42373163253069],[614,66],[324,266],[594,295],[356,433]]",5
0,"[[224,79],[480,71],[550,268],[314,275],[560,273],[570,457]]",7
0,"[[137.14285714285714,142.8567247465253],[403,10],[411.42857142857144,428.37210008874536],[133,140],[193,265],[416,201]]",9
0,"[[475,401],[360,241],[498,91],[500,95],[640,247],[458,417]]",0
0,"[[426,204],[506,105],[654,125],[661,121],[495,334],[664,314]]",2
0,"[[137.14285714285714,94.06115347519517],[274.2857142857143,122.04847065731883],[411.42857142857144,278.1628926284611],[548.5714285714286,211.63761438801885],[685.7142857142857,60.120665933936834],[822.8571428571429,164.92722388356924]]",4
0,"[[129,286],[158,123],[338,93],[235,240],[278,346],[168,399]]",6
0,"[[597,191],[201,350],[362,496],[612,186],[471,24],[367,500]]",8
0,"[[435,419],[416,257],[411.42857142857144,91.78795190528035],[407,92],[425,258],[427,428]]",1
0,"[[361,93],[582,164],[411.42857142857144,360.2908075787127],[407,337],[586,369],[459,500]]",3
0,"[[497,60],[321,236],[513,289],[574,500],[791,297],[456,345]]",5
0,"[[303,74],[569,58],[502,229],[501,240],[442,380],[439,500]]",7
0,"[[308,58],[444,136],[411.42857142857144,412.6684483140707],[307,60],[248,206],[445,236]]",9
0,"[[257,301],[381,161],[518,313],[249,298],[349,449],[522,302]]",0
0,"[[163,154],[282,36],[421,122],[425,129],[286,397],[508,400]]",2
0,"[[295,62],[147,352],[448,347],[355,181],[324,421],[315,485]]",4
0,"[[376,448],[292,265],[468,112],[374,441],[507,308],[302,267]]",6
0,"[[375,413],[251,127],[444,175],[439,175],[248,357],[370,415]]",8
0,"[[273,108],[274.2857142857143,111.96873486042023],[552,97],[548.5714285714286,121.32911374792457],[668,135],[822.8571428571429,134.27783837541938]]",1
0,"[[346,109],[274.2857142857143,366.5128955617547],[523,208],[548.5714285714286,178.9421571418643],[569,500],[786,346]]",3
0,"[[556,421],[751,396],[603,253],[610,252],[574,73],[822.8571428571429,93.26970456168056]]",5
0,"[[378,133],[274.2857142857143,366.5556391701102],[550,121],[528,120],[685.7142857142857,318.01761956885457],[367,165]]",7
0,"[[553,140],[409,6],[411.42857142857144,150.21137725561857],[490,220],[626,394],[453,494]]",9
0,"[[235,210],[376,24],[505,190],[233,209],[381,356],[505,192]]",0
0,"[[351,71],[564,89],[411.42857142857144,336.0394542105496],[438,379],[687,395],[822.8571428571429,240.8863947726786]]",2
0,"[[647,246],[274.2857142857143,235.61222814023495],[411.42857142857144,67.72754741832614],[414,67],[470,364],[485,336]]",4
0,"[[275,3],[309,271],[411.42857142857144,421.7821882106364],[449,410],[651,338],[379,250]]",6
0,"[[359,75],[562,71],[395,269],[401,260],[582,273],[362,75]]",8
0,"[[383,98],[504,19],[497,427],[366,424],[499,427],[596,449]]",1
0,"[[421,79],[678,84],[564,259],[451,422],[685.7142857142857,405.4632400162518],[568,261]]",3
0,"[[315,272],[292,144],[472,80],[307,277],[535,355],[359,457]]",5
0,"[[177,123],[379,140],[362,500],[215,290],[355,283],[482,278]]",7
0,"[[422,310],[214,245],[296,89],[342,74],[445,145],[406,498]]",9
0,"[[369,461],[265,285],[519,110],[388,441],[582,311],[522,118]]",0
0,"[[351,87],[505,76],[507,229],[504,230],[349,395],[524,379]]",2
0,"[[323,78],[328,301],[557,296],[426,196],[446,409],[447,464]]",4
0,"[[505,75],[317,278],[403,457],[341,290],[558,287],[483,452]]",6
0,"[[635,66],[355,259],[624,436],[376,428],[642,271],[394,85]]",8
0,"[[458,88],[453,235],[450,436],[445,423],[471,221],[472,99]]",1
0,"[[329,480],[549,403],[344,288],[347,296],[547,149],[327,148]]",3
0,"[[415,297],[358,103],[559,120],[395,284],[598,379],[387,465]]",5
0,"[[210,109],[417,105],[622,130],[298,478],[428,335],[612,150]]",7
0,"[[310,71],[125,210],[296,287],[265,500],[284,287],[305,88]]",9
0,"[[160,146],[141,407],[434,415],[430,411],[435,155],[148,141]]",0
0,"[[114,198],[213,86],[411,137],[416,136],[124,412],[366,401]]",2
0,"[[503,235],[126,255],[312,48],[375,439],[315,59],[371,425]]",4
0,"[[285,392],[244,204],[424,65],[288,404],[484,324],[249,207]]",6
0,"[[351,62],[627,284],[390,346],[344,59],[568,62],[361,341]]",8
0,"[[420,454],[421,306],[411.42857142857144,124.98075189068913],[367,167],[416,131],[415,129]]",1
0,"[[380,119],[518,127],[517,286],[375,447],[512,441],[517,281]]",3
0,"[[251,284],[238,75],[411.42857142857144,65.3210747987032],[250,277],[430,302],[290,459]]",5
0,"[[500,291],[580,286],[636,298],[379,120],[662,113],[420,488]]",7
0,"[[411,240],[581,202],[411.42857142857144,64.63423278182745],[398,466],[407,345],[410,63]]",9
0,"[[411,303],[545,474],[677,315],[411,305],[579,86],[677,316]]",0
0,"[[195,159],[333,62],[439,100],[444,100],[245,358],[427,356]]",2
0,"[[137.14285714285714,87.43952298536897],[164,299],[458,302],[338,115],[317,315],[337,482]]",4
0,"[[413,383],[247,401],[308,76],[275,267],[436,264],[420,392]]",6
0,"[[437,438],[230,142],[481,127],[438,446],[196,426],[489,151]]",8
0,"[[437,226],[438,325],[443,477],[436,226],[430,137],[432,56]]",1
0,"[[267,414],[389,348],[296,254],[294,252],[378,153],[264,135]]",3
0,"[[533,55],[368,61],[368,232],[368,230],[633,307],[393,412]]",5
0,"[[58,82],[274.2857142857143,62.62474833056331],[64,449],[481,64],[494,297],[501,466]]",7
0,"[[481,78],[479,236],[678,242],[480,84],[681,68],[646,459]]",9
0,"[[376,217],[477,93],[560,194],[381,213],[506,387],[568,182]]",0
0,"[[137.14285714285714,59.37945153564215],[274.2857142857143,343.1277457624674],[411.42857142857144,235.78123366460204],[548.5714285714286,321.7830481007695],[685.7142857142857,433.436671551317],[822.8571428571429,195.2120341360569]]",2
0,"[[371,326],[390,185],[412,53],[400,330],[602,336],[587,488]]",4
0,"[[590,68],[413,223],[675,289],[419,262],[440,488],[662,282]]",6
0,"[[368,81],[638,75],[306,404],[365,93],[685.7142857142857,337.8719770349562],[303,405]]",8
0,"[[497,463],[608,469],[726,461],[503,147],[617,71],[591,472]]",1
0,"[[275,85],[456,154],[311,272],[320,278],[489,358],[291,423]]",3
0,"[[315,293],[321,137],[485,125],[314,295],[523,382],[338,462]]",5
0,"[[44,119],[571,137],[415,468],[435,307],[530,298],[569,303]]",7
0,"[[673,249],[274.2857142857143,222.49152697622776],[563,121],[659,475],[712,217],[583,106]]",9
0,"[[357,366],[246,245],[398,71],[395,68],[527,235],[364,357]]",0
0,"[[137.14285714285714,115.6936414539814],[375,86],[290,258],[296,259],[161,393],[539,387]]",2
0,"[[602,248],[335,226],[378,62],[575,104],[584,333],[587,442]]",4
0,"[[316,439],[240,297],[411.42857142857144,142.8437851369381],[225,295],[422,348],[279,457]]",6
0,"[[402,96],[569,179],[337,469],[346,454],[640,454],[382,108]]",8
0,"[[356,200],[429,111],[438,461],[542,454],[438,451],[335,459]]",1
0,"[[137.14285714285714,134.87028507515788],[378,128],[289,306],[281,322],[486,402],[137,434]]",3
0,"[[252,262],[277,72],[555,84],[240,272],[541,276],[245,418]]",5
0,"[[137.14285714285714,58.761816285550594],[422,69],[252,430],[164,228],[348,236],[565,219]]",7
0,"[[378,478],[424,332],[403,80],[371,96],[289,343],[427,338]]",9
0,"[[359,412],[265,220],[398,95],[414,413],[509,241],[413,89]]",0
0,"[[137.14285714285714,400.94982041046023],[274.2857142857143,113.33648525178432],[411.42857142857144,383.210333250463],[548.5714285714286,165.32078878954053],[685.7142857142857,435.9360247850418],[822.8571428571429,278.68409268558025]]",2
0,"[[383,61],[263,283],[498,300],[474,141],[491,297],[484,416]]",4
0,"[[628,426],[881,325],[580,221],[621,432],[597,94],[790,80]]",6
0,"[[232,442],[199,109],[370,256],[164,298],[367,267],[210,463]]",8
0,"[[581,160],[704,54],[701,80],[702,192],[697,311],[697,449]]",1
0,"[[295,282],[424,204],[310,95],[301,279],[430,346],[261,401]]",3
0,"[[669,99],[505,109],[509,261],[507,268],[687,305],[554,457]]",5
0,"[[137.14285714285714,79.61190566420555],[274.2857142857143,139.1862528398633],[411.42857142857144,360.6331451795995],[548.5714285714286,368.98039672523737],[685.7142857142857,314.66854168102145],[822.8571428571429,287.71865712478757]]",7
0,"[[529,99],[483,231],[645,263],[529,80],[685.7142857142857,84.4510430470109],[573,496]]",9
0,"[[275,186],[373,71],[521,205],[272,191],[403,363],[508,213]]",0
0,"[[133,86],[294,86],[212,235],[205,234],[106,361],[376,350]]",2
0,"[[536,110],[539,304],[771,298],[763,110],[770,299],[768,484]]",4
0,"[[403,437],[265,275],[387,63],[438,415],[473,256],[275,272]]",6
0,"[[642,415],[403,245],[666,224],[660,430],[375,420],[658,234]]",8
0,"[[184,233],[399,95],[411,262],[407,264],[411,367],[422,500]]",1
0,"[[137.14285714285714,105.03744389861822],[392,162],[261,296],[261,292],[402,365],[102,420]]",3
0,"[[470,221],[225,198],[266,333],[264,331],[490,393],[303,478]]",5
0,"[[222,224],[379,236],[302,471],[294,326],[366,328],[432,325]]",7
0,"[[137.14285714285714,134.6805801615119],[274.2857142857143,316.94646030664444],[411.42857142857144,157.49698728322983],[548.5714285714286,199.06962402164936],[685.7142857142857,126.5464466996491],[822.8571428571429,272.01821487396955]]",9
0,"[[137.14285714285714,163.2397260516882],[234,382],[411.42857142857144,344.1829272545874],[136,176],[360,88],[436,317]]",0
0,"[[290,234],[274.2857142857143,389.9946976453066],[474,366],[168,136],[419,42],[295,248]]",2
0,"[[611,265],[230,268],[467,40],[474,146],[458,286],[457,431]]",4
0,"[[452,255],[638,300],[538,432],[521,74],[437,236],[522,425]]",6
0,"[[582,456],[243,471],[644,22],[605,490],[229,94],[641,19]]",8
0,"[[294,128],[375,81],[379,459],[287,482],[377,472],[463,473]]",1
0,"[[419,343],[508,205],[303,164],[412,331],[522,463],[307,496]]",3
0,"[[307,264],[348,141],[500,138],[329,276],[497,356],[306,453]]",5
0,"[[424,205],[424,110],[664,113],[645,110],[634,296],[595,477]]",7
0,"[[572,244],[345,249],[384,76],[381,78],[598,102],[532,451]]",9
0,"[[795,283],[702,433],[616,277],[615,275],[711,82],[791,288]]",0
0,"[[440,141],[302,72],[197,161],[448,139],[246,410],[433,413]]",2
0,"[[524,91],[508,288],[511,490],[286,10],[304,373],[734,375]]",4
0,"[[412,69],[338,237],[307,421],[311,431],[651,400],[341,234]]",6
0,"[[354,387],[258,207],[422,116],[191,100],[416,250],[158,362]]",8
0,"[[137.14285714285714,230.87443192073792],[219,60],[411.42857142857144,84.81678671139554],[410,89],[394,325],[138,224]]",0
0,"[[237,75],[438,105],[170,364],[168,368],[336,349],[509,331]]",2
0,"[[173,54],[196,207],[214,378],[165,55],[127,135],[93,191]]",1
0,"[[141,140],[319,129],[325,221],[310,229],[406,277],[224,402]]",3
0,"[[394,125],[210,206],[239,355],[271,348],[452,425],[288,500]]",5
0,"[[365,129],[521,118],[677,120],[672,116],[685.7142857142857,275.97143054008484],[676,448]]",7
0,"[[765,260],[519,174],[750,63],[761,246],[776,94],[743,490]]",9
0,"[[423,1],[225,112],[324,333],[443,36],[429,225],[339,324]]",0
0,"[[472,231],[591,176],[676,215],[693,217],[534,473],[648,488]]",2
0,"[[488,330],[284,327],[302,97],[471,336],[641,396],[361,438]]",4
0,"[[242,385],[167,160],[358,46],[250,380],[382,213],[172,160]]",6
0,"[[427,142],[184,371],[386,379],[380,370],[215,182],[440,152]]",8
0,"[[419,60],[411,205],[395,409],[425,69],[375,120],[338,152]]",1
0,"[[186,88],[359,104],[279,226],[286,225],[365,369],[124,397]]",3
0,"[[377,88],[208,108],[241,232],[245,227],[356,316],[185,386]]",5
0,"[[137,77],[303,64],[417,49],[417,51],[262,237],[124,392]]",7
0,"[[426,265],[288,224],[314,79],[312,81],[422,94],[381,431]]",9
0,"[[158,147],[122,396],[292,399],[296,402],[300,91],[157,153]]",0
0,"[[151,107],[425,112],[254,285],[251,283],[170,361],[508,357]]",2
0,"[[393,95],[169,285],[535,301],[372,201],[357,302],[340,404]]",4
0,"[[362,376],[162,330],[371,81],[349,371],[372,253],[221,245]]",6
0,"[[333,109],[157,129],[381,354],[374,346],[167,363],[330,101]]",8
0,"[[303,12],[302,211],[299,391],[287,12],[246,84],[194,166]]",1
0,"[[293,50],[428,121],[340,234],[336,234],[425,300],[250,403]]",3
0,"[[275,219],[239,76],[412,76],[281,243],[418,346],[201,378]]",5
0,"[[293,89],[516,90],[291,428],[368,223],[436,230],[531,239]]",7
0,"[[404,224],[272,150],[395,86],[409,449],[398,247],[398,68]]",9
0,"[[504,26],[344,232],[496,399],[535,17],[611,203],[522,401]]",0
0,"[[164,119],[296,87],[361,183],[362,181],[110,353],[328,388]]",2
0,"[[359,91],[222,358],[449,363],[351,221],[367,343],[353,457]]",4
0,"[[165,358],[126,195],[259,76],[175,366],[306,229],[124,194]]",6
0,"[[391,262],[302,74],[463,227],[407,356],[471,466],[457,279]]",8
0,"[[276,148],[409,9],[406,325],[414,374],[404,463],[408,494]]",1
0,"[[181,117],[396,117],[263,252],[268,256],[473,413],[292,422]]",3
0,"[[440,217],[664,350],[411.42857142857144,441.4398689754307],[438,220],[436,96],[645,103]]",5
0,"[[154,130],[427,117],[411.42857142857144,429.4979431666434],[314,262],[437,260],[541,256]]",7
0,"[[455,26],[293,128],[453,209],[332,393],[460,215],[444,17]]",9
0,"[[493,437],[316,264],[503,98],[496,442],[637,255],[497,99]]",0
0,"[[411,138],[516,64],[609,153],[644,388],[389,367],[610,162]]",2
0,"[[309,90],[283,310],[635,285],[455,154],[453,332],[426,447]]",4
0,"[[425,366],[310,228],[479,40],[328,221],[531,255],[426,382]]",6
0,"[[137.14285714285714,156.74386322498322],[334,165],[153,401],[156,397],[334,388],[131,151]]",8
0,"[[256,77],[342,12],[355,427],[241,429],[353,427],[461,426]]",1
0,"[[562,472],[692,363],[563,266],[517,83],[685.7142857142857,86.22882775962353],[559,263]]",3
0,"[[567,99],[746,106],[742,266],[706,271],[549,383],[705,438]]",5
0,"[[620,242],[733,244],[899,243],[727,494],[812,55],[559,77]]",7
0,"[[603,177],[498,238],[601,310],[665,169],[685.7142857142857,310.1685842499137],[686,483]]",9
0,"[[137.14285714285714,257.75164691731334],[274.2857142857143,88.37663112208247],[411.42857142857144,354.75284345448017],[444,354],[341,499],[164,318]]",0
0,"[[137.14285714285714,213.6301951482892],[274.2857142857143,205.36866327747703],[411.42857142857144,124.33626828715205],[498,344],[685.7142857142857,401.31139252334833],[822.8571428571429,286.65775870904326]]",2
0,"[[137.14285714285714,87.68026987090707],[274.2857142857143,364.7875073365867],[411.42857142857144,129.3084941804409],[548.5714285714286,50.7540768943727],[685.7142857142857,395.0857047922909],[822.8571428571429,300.69657750427723]]",4
0,"[[137.14285714285714,315.40799560025334],[274.2857142857143,358.9338024146855],[411.42857142857144,435.9746449626982],[548.5714285714286,295.1551977545023],[685.7142857142857,379.17381254956126],[822.8571428571429,439.20153798535466]]",6
0,"[[495,457],[274.2857142857143,322.5589812733233],[435,191],[422,184],[607,160],[548,456]]",8
0,"[[137.14285714285714,153.48628088831902],[278,268],[411.42857142857144,366.1238041706383],[123,153],[271,273],[405,363]]",1
0,"[[310,113],[586,103],[395,275],[399,303],[579,409],[369,470]]",3
0,"[[359,392],[556,357],[440,178],[437,182],[523,101],[658,82]]",5
0,"[[62,149],[274.2857142857143,145.90495582669973],[411.42857142857144,120.78663911670446],[427,129],[447,334],[439,482]]",7
0,"[[706,103],[682,238],[541,445],[671,237],[454,120],[702,96]]",9
0,"[[459,296],[540,124],[672,298],[455,286],[567,443],[675,302]]",0
0,"[[137.14285714285714,50.69656493142247],[557,205],[235,251],[244,255],[635,424],[822.8571428571429,309.33991177007556]]",2
0,"[[137.14285714285714,157.74804772809148],[274.2857142857143,146.5989856980741],[553,222],[548.5714285714286,216.5095972828567],[685.7142857142857,296.637708414346],[822.8571428571429,210.00074977055192]]",4
0,"[[137.14285714285714,398.398204986006],[274.2857142857143,300.83073396235704],[557,299],[548.5714285714286,297.52279901877046],[685.7142857142857,278.74821592122316],[822.8571428571429,344.3377170711756]]",6
0,"[[137.14285714285714,91.3233951665461],[274.2857142857143,396.7202194035053],[551,313],[548.5714285714286,317.7865566685796],[685.7142857142857,111.84281585738063],[822.8571428571429,123.74587785452604]]",8
0,"[[137.14285714285714,227.74832984432578],[274.2857142857143,194.4469753652811],[538,241],[548.5714285714286,236.67073948308825],[685.7142857142857,393.35895515978336],[822.8571428571429,389.68063993379474]]",1
0,"[[299,270],[658,369],[307,429],[271,271],[676,197],[320,106]]",3
0,"[[512,91],[283,92],[284,234],[284,227],[524,277],[321,399]]",5
0,"[[364,117],[521,109],[676,113],[675,103],[683,280],[684,490]]",7
0,"[[472,484],[535,180],[411.42857142857144,71.01272884756327],[487,293],[263,155],[391,98]]",9
0,"[[526,447],[519,146],[809,200],[548.5714285714286,441.67747227475047],[739,464],[822.8571428571429,243.95998185500503]]",0
0,"[[107,145],[283,98],[126,340],[124,336],[253,338],[371,337]]",2
0,"[[587,216],[304,250],[558,66],[602,500],[586,205],[614,39]]",4
0,"[[344,233],[397,500],[259,345],[249,318],[404,250],[456,83]]",6
0,"[[546,434],[287,462],[500,126],[496,136],[329,155],[550,442]]",8
0,"[[538,500],[523,50],[539,500],[525,49],[445,132],[506,79]]",1
0,"[[98,349],[305,171],[417,380],[548.5714285714286,348.4800186008215],[685.7142857142857,339.12309436127543],[822.8571428571429,64.5333830267191]]",3
0,"[[333,95],[162,171],[427,177],[532,159],[352,448],[240,262]]",5
0,"[[137.14285714285714,83.07094927877188],[274.2857142857143,73.24724346399307],[411.42857142857144,447.36519791185856],[548.5714285714286,236.32822828367352],[685.7142857142857,360.633285343647],[822.8571428571429,107.58408214896917]]",7
0,"[[737,87],[735,281],[524,348],[727,270],[524,169],[743,87]]",9
0,"[[137.14285714285714,139.35228483751416],[274.2857142857143,375.6841193884611],[411.42857142857144,340.2890229597688],[183,97],[389,96],[416,317]]",0
0,"[[137.14285714285714,60.09360468015075],[523,141],[198,425],[183,413],[390,427],[515,410]]",2
0,"[[369,245],[502,262],[622,242],[409,244],[589,55],[618,463]]",4
0,"[[137.14285714285714,223.85957464575768],[274.2857142857143,367.5295223481953],[411.42857142857144,188.26005551964045],[855,43],[685.7142857142857,183.26907409355044],[822.8571428571429,55.152772180736065]]",6
0,"[[220,242],[448,228],[262,396],[222,241],[436,413],[256,389]]",8
0,"[[474,37],[274.2857142857143,182.32666859403253],[466,24],[466,51],[477,327],[467,496]]",1
0,"[[357,88],[478,147],[366,260],[406,464],[519,337],[370,260]]",3
0,"[[287,260],[274.2857142857143,110.5707653798163],[444,117],[284,260],[486,279],[308,426]]",5
0,"[[137.14285714285714,292.22814217209816],[274.2857142857143,294.6084772236645],[411.42857142857144,124.50183434411883],[548.5714285714286,229.5554893091321],[627,331],[822.8571428571429,105.16912145540118]]",7
0,"[[137.14285714285714,187.97623496502638],[274.2857142857143,411.8415587581694],[411.42857142857144,226.97029439732432],[548.5714285714286,175.9308798238635],[685.7142857142857,221.07796240597963],[822.8571428571429,195.6860937178135]]",9
0,"[[269,259],[399,415],[542,246],[276,257],[439,75],[545,251]]",0
0,"[[664,280],[460,337],[435,197],[286,186],[436,75],[437,195]]",2
0,"[[413,318],[274.2857142857143,91.23185146600008],[411.42857142857144,313.62562039867043],[689,304],[829,88],[820,106]]",4
0,"[[506,226],[307,235],[449,62],[278,290],[437,437],[509,255]]",6
0,"[[366,211],[443,125],[505,207],[420,296],[451,480],[404,308]]",8
0,"[[600,500],[605,265],[592,75],[598,500],[603,266],[595,73]]",1
0,"[[403,474],[445,205],[625,433],[754,466],[424,319],[879,372]]",3
0,"[[417,325],[237,137],[799,257],[233,132],[685.7142857142857,111.02188657969236],[822.8571428571429,219.12037525326014]]",5
0,"[[567,104],[695,136],[832,165],[609,486],[700,353],[789,230]]",7
0,"[[283,463],[505,209],[368,101],[363,96],[280,233],[409,311]]",9
0,"[[302,356],[630,456],[597,172],[249,321],[314,70],[578,177]]",0
0,"[[238,137],[476,38],[434,294],[434,282],[370,451],[640,401]]",2
0,"[[151,15],[178,262],[499,268],[328,416],[345,292],[333,145]]",4
0,"[[486,479],[430,313],[653,121],[498,467],[646,426],[455,308]]",6
0,"[[627,95],[356,414],[567,446],[562,434],[353,113],[625,78]]",8
0,"[[272,190],[376,129],[376,217],[383,287],[374,359],[365,454]]",1
0,"[[306,266],[426,151],[272,69],[316,284],[489,368],[293,420]]",3
0,"[[286,271],[274.2857142857143,133.82941111922264],[489,97],[288,270],[490,348],[334,462]]",5
0,"[[137.14285714285714,436.2618391402066],[274.2857142857143,279.4642806984484],[389,146],[93,116],[222,124],[385,149]]",7
0,"[[169,391],[357,211],[261,79],[253,78],[139,204],[283,298]]",9
0,"[[137.14285714285714,184.27137015387416],[254,33],[447,202],[115,213],[246,500],[413,197]]",0
0,"[[137.14285714285714,285.96204640343785],[262,104],[411.42857142857144,301.41193848103285],[413,307],[552,106],[725,314]]",2
0,"[[392,40],[274.2857142857143,343.8895626924932],[596,298],[460,500],[379,33],[589,298]]",4
0,"[[336,440],[288,248],[388,129],[320,448],[442,332],[321,274]]",6
0,"[[137.14285714285714,208.7326230481267],[274.2857142857143,422.34928738325834],[411.42857142857144,258.74126851558685],[548.5714285714286,385.3113246150315],[685.7142857142857,199.89233864471316],[822.8571428571429,446.55571607872844]]",8
0,"[[137.14285714285714,210.31016781926155],[274.2857142857143,444.5505276322365],[411.42857142857144,143.05292926728725],[548.5714285714286,399.9825023114681],[685.7142857142857,135.59203147888184],[822.8571428571429,70.59444040060043]]",1
0,"[[137.14285714285714,356.3132374547422],[274.2857142857143,382.11429500952363],[411.42857142857144,297.1589045599103],[548.5714285714286,285.26021614670753],[685.7142857142857,62.60364931076765],[822.8571428571429,228.92710557207465]]",3
0,"[[137.14285714285714,102.60376520454884],[274.2857142857143,322.07470582798123],[411.42857142857144,382.4415939860046],[548.5714285714286,170.80122800543904],[685.7142857142857,133.4879171103239],[822.8571428571429,301.0897827334702]]",5
0,"[[466,181],[462,179],[261,176],[459,188],[409,369],[297,500]]",7
0,"[[588,265],[359,128],[587,107],[337,419],[534,401],[592,108]]",9
0,"[[393,433],[368,175],[551,123],[382,425],[554,421],[560,115]]",0
0,"[[363,198],[491,91],[592,184],[670,419],[330,422],[590,202]]",2
0,"[[137.14285714285714,133.50479155778885],[164,331],[366,328],[360,110],[353,322],[349,486]]",4
0,"[[490,435],[262,241],[411.42857142857144,110.32371474429965],[303,253],[685.7142857142857,234.22384597361088],[502,419]]",6
0,"[[404,390],[205,114],[445,138],[455,150],[238,366],[399,392]]",8
0,"[[144,189],[280,109],[325,367],[171,402],[306,361],[491,391]]",1
0,"[[137.14285714285714,235.38743117824197],[344,117],[341,309],[364,318],[530,287],[436,487]]",3
0,"[[328,377],[665,428],[540,261],[531,257],[685.7142857142857,128.5923303104937],[822.8571428571429,212.7838049083948]]",5
0,"[[208,116],[389,107],[337,428],[231,269],[359,269],[481,275]]",7
0,"[[285,374],[361,295],[411.42857142857144,168.5241392813623],[368,299],[288,182],[407,167]]",9
0,"[[360,390],[216,278],[353,118],[357,119],[483,255],[362,390]]",0
0,"[[183,128],[347,134],[248,306],[241,303],[147,387],[470,397]]",2
0,"[[400,336],[165,277],[345,110],[304,226],[314,315],[289,418]]",4
0,"[[349,415],[325,101],[482,58],[329,259],[514,381],[364,437]]",6
0,"[[384,145],[622,452],[378,458],[383,145],[639,151],[385,456]]",8
0,"[[355,432],[339,44],[222,141],[189,389],[349,428],[360,425]]",1
0,"[[163,122],[396,135],[411.42857142857144,301.45227732136846],[232,450],[411,352],[208,282]]",3
